"","text","favorited","favoriteCount","replyToSN","created","truncated","replyToSID","id","replyToUID","statusSource","screenName","retweetCount","isRetweet","retweeted","longitude","latitude"
"1","So much happening with the now discredited Witch Hunt. This total Hoax will be studied for years!",FALSE,1623,NA,2018-11-29 04:39:03,FALSE,NA,"1068001369746022400",NA,"<a href=""http://twitter.com/download/iphone"" rel=""nofollow"">Twitter for iPhone</a>","realDonaldTrump",546,FALSE,FALSE,NA,NA
"2","Sebastian Gorka, a very talented man who I got to know well while he was working at the White House, has just writt… https://t.co/k93daZQXr8",FALSE,3867,NA,2018-11-29 04:36:07,TRUE,NA,"1068000629409398784",NA,"<a href=""http://twitter.com/download/iphone"" rel=""nofollow"">Twitter for iPhone</a>","realDonaldTrump",1041,FALSE,FALSE,NA,NA
"3","On behalf of @FLOTUS Melania and the entire Trump family, I want to wish you all a very MERRY CHRISTMAS! May this C… https://t.co/XWu0u6NyjB",FALSE,75985,NA,2018-11-28 23:32:11,TRUE,NA,"1067924142316494848",NA,"<a href=""http://twitter.com/download/iphone"" rel=""nofollow"">Twitter for iPhone</a>","realDonaldTrump",18231,FALSE,FALSE,NA,NA
"4","Steel Dynamics announced that it will build a brand new 3 million ton steel mill in the Southwest that will create… https://t.co/ZF3IDNpDUE",FALSE,91198,NA,2018-11-28 16:09:47,TRUE,NA,"1067812811068383232",NA,"<a href=""http://twitter.com/download/iphone"" rel=""nofollow"">Twitter for iPhone</a>","realDonaldTrump",22329,FALSE,FALSE,NA,NA
"5",".....and G.M. would not be closing their plants in Ohio, Michigan &amp; Maryland. Get smart Congress. Also, the countri… https://t.co/6bASKPcvH1",FALSE,61115,NA,2018-11-28 14:49:31,TRUE,NA,"1067792610180456448",NA,"<a href=""http://twitter.com/download/iphone"" rel=""nofollow"">Twitter for iPhone</a>","realDonaldTrump",15134,FALSE,FALSE,NA,NA
"6","The reason that the small truck business in the U.S. is such a go to favorite is that, for many years, Tariffs of 2… https://t.co/XtFBz2Po4U",FALSE,57835,NA,2018-11-28 14:43:31,TRUE,NA,"1067791101782831104",NA,"<a href=""http://twitter.com/download/iphone"" rel=""nofollow"">Twitter for iPhone</a>","realDonaldTrump",14639,FALSE,FALSE,NA,NA
"7","While the disgusting Fake News is doing everything within their power not to report it that way, at least 3 major p… https://t.co/LdwHVTnoWn",FALSE,80475,NA,2018-11-28 13:39:38,TRUE,NA,"1067775022331236352",NA,"<a href=""http://twitter.com/download/iphone"" rel=""nofollow"">Twitter for iPhone</a>","realDonaldTrump",24052,FALSE,FALSE,NA,NA
"8","Congratulations to Senator Cindy Hyde-Smith on your big WIN in the Great State of Mississippi. We are all very proud of you!",FALSE,100616,NA,2018-11-28 03:42:08,FALSE,NA,"1067624656943935493",NA,"<a href=""http://twitter.com/download/iphone"" rel=""nofollow"">Twitter for iPhone</a>","realDonaldTrump",20665,FALSE,FALSE,NA,NA
"9","Brenda Snipes, in charge of voting in Broward County, Florida, was just spotted wearing a beautiful dress with 300… https://t.co/gPIS4u4r7Q",FALSE,87821,NA,2018-11-28 03:38:48,TRUE,NA,"1067623816921272325",NA,"<a href=""http://twitter.com/download/iphone"" rel=""nofollow"">Twitter for iPhone</a>","realDonaldTrump",18737,FALSE,FALSE,NA,NA
"10","The Mueller Witch Hunt is a total disgrace. They are looking at supposedly stolen Crooked Hillary Clinton Emails (e… https://t.co/Hd4mV8lxv2",FALSE,103565,NA,2018-11-28 00:31:37,TRUE,NA,"1067576713859817472",NA,"<a href=""http://twitter.com/download/iphone"" rel=""nofollow"">Twitter for iPhone</a>","realDonaldTrump",29283,FALSE,FALSE,NA,NA
"11","....for electric cars. General Motors made a big China bet years ago when they built plants there (and in Mexico) -… https://t.co/0U7lwZ3pfy",FALSE,103731,"realDonaldTrump",2018-11-27 19:05:39,TRUE,"1067494680416407552","1067494682249318402","25073877","<a href=""http://twitter.com/download/iphone"" rel=""nofollow"">Twitter for iPhone</a>","realDonaldTrump",23904,FALSE,FALSE,NA,NA
"12","Very disappointed with General Motors and their CEO, Mary Barra, for closing plants in Ohio, Michigan and Maryland.… https://t.co/5JUbkq1Xkg",FALSE,118628,NA,2018-11-27 19:05:39,TRUE,NA,"1067494680416407552",NA,"<a href=""http://twitter.com/download/iphone"" rel=""nofollow"">Twitter for iPhone</a>","realDonaldTrump",29914,FALSE,FALSE,NA,NA
"13","Polls are open in Mississippi. We need Cindy Hyde-Smith in Washington. GO OUT AND VOTE. Thanks!",FALSE,67146,NA,2018-11-27 13:32:57,FALSE,NA,"1067410952042283010",NA,"<a href=""http://twitter.com/download/iphone"" rel=""nofollow"">Twitter for iPhone</a>","realDonaldTrump",17076,FALSE,FALSE,NA,NA
"14","....terrible Gang of Angry Democrats. Look at their past, and look where they come from. The now $30,000,000 Witch… https://t.co/g3rup9iqga",FALSE,100567,NA,2018-11-27 13:07:23,TRUE,NA,"1067404517841518593",NA,"<a href=""http://twitter.com/download/iphone"" rel=""nofollow"">Twitter for iPhone</a>","realDonaldTrump",27905,FALSE,FALSE,NA,NA
"15","....The Fake News Media builds Bob Mueller up as a Saint, when in actuality he is the exact opposite. He is doing T… https://t.co/kpN479HQns",FALSE,90339,NA,2018-11-27 12:42:58,TRUE,NA,"1067398375337791488",NA,"<a href=""http://twitter.com/download/iphone"" rel=""nofollow"">Twitter for iPhone</a>","realDonaldTrump",24198,FALSE,FALSE,NA,NA
"16","The Phony Witch Hunt continues, but Mueller and his gang of Angry Dems are only looking at one side, not the other.… https://t.co/zfYQKl1a2I",FALSE,89724,NA,2018-11-27 12:30:37,TRUE,NA,"1067395266511347713",NA,"<a href=""http://twitter.com/download/iphone"" rel=""nofollow"">Twitter for iPhone</a>","realDonaldTrump",24995,FALSE,FALSE,NA,NA
"17","....starts today, election is on December 4th. @VoteBradRaff is tough on Crime and Borders, Loves our Military and… https://t.co/Zt8B8PBRN5",FALSE,38380,"realDonaldTrump",2018-11-26 20:20:59,TRUE,"1067151248040824833","1067151249668214793","25073877","<a href=""http://twitter.com/download/iphone"" rel=""nofollow"">Twitter for iPhone</a>","realDonaldTrump",9732,FALSE,FALSE,NA,NA
"18","Brad Raffensperger will be a fantastic Secretary of State for Georgia - will work closely with @BrianKempGA. It is… https://t.co/h7aOpxnTuw",FALSE,48117,NA,2018-11-26 20:20:58,TRUE,NA,"1067151248040824833",NA,"<a href=""http://twitter.com/download/iphone"" rel=""nofollow"">Twitter for iPhone</a>","realDonaldTrump",12133,FALSE,FALSE,NA,NA
"19","....and false way. Something has to be done, including the possibility of the United States starting our own Worldw… https://t.co/hIFQy1Snku",FALSE,79969,"realDonaldTrump",2018-11-26 19:47:29,TRUE,"1067142819008122885","1067142820388052993","25073877","<a href=""http://twitter.com/download/iphone"" rel=""nofollow"">Twitter for iPhone</a>","realDonaldTrump",19551,FALSE,FALSE,NA,NA
"20","While CNN doesn’t do great in the United States based on ratings, outside of the U.S. they have very little competi… https://t.co/mQBNuDHedg",FALSE,80673,NA,2018-11-26 19:47:29,TRUE,NA,"1067142819008122885",NA,"<a href=""http://twitter.com/download/iphone"" rel=""nofollow"">Twitter for iPhone</a>","realDonaldTrump",21650,FALSE,FALSE,NA,NA
"21","On the ten-year anniversary of the Mumbai terror attack, the U.S. stands with the people of India in their quest fo… https://t.co/P9Vwr8jI5x",FALSE,101601,NA,2018-11-26 19:45:16,TRUE,NA,"1067142262545674240",NA,"<a href=""http://twitter.com/download/iphone"" rel=""nofollow"">Twitter for iPhone</a>","realDonaldTrump",24568,FALSE,FALSE,NA,NA
"22","....hundreds of people closely involved with my campaign who never met, saw or spoke to a Russian during this perio… https://t.co/py4yYvionQ",FALSE,91978,NA,2018-11-26 14:44:33,TRUE,NA,"1067066584882126848",NA,"<a href=""http://twitter.com/download/iphone"" rel=""nofollow"">Twitter for iPhone</a>","realDonaldTrump",22643,FALSE,FALSE,NA,NA
"23","When Mueller does his final report, will he be covering all of his conflicts of interest in a preamble, will he be… https://t.co/eCxlTnU8Bb",FALSE,98228,NA,2018-11-26 14:33:12,TRUE,NA,"1067063727994884096",NA,"<a href=""http://twitter.com/download/iphone"" rel=""nofollow"">Twitter for iPhone</a>","realDonaldTrump",26314,FALSE,FALSE,NA,NA
"24","Mexico should move the flag waving Migrants, many of whom are stone cold criminals, back to their countries. Do it… https://t.co/IqgnrBTQFl",FALSE,171256,NA,2018-11-26 11:19:41,TRUE,NA,"1067015026995879937",NA,"<a href=""http://twitter.com/download/iphone"" rel=""nofollow"">Twitter for iPhone</a>","realDonaldTrump",45128,FALSE,FALSE,NA,NA
"25","....children from parents, as did Bush etc., because that is the policy and law. I tried to keep them together but… https://t.co/Uh5gzYxGyY",FALSE,113076,NA,2018-11-26 02:07:27,TRUE,NA,"1066876053170339840",NA,"<a href=""http://twitter.com/download/iphone"" rel=""nofollow"">Twitter for iPhone</a>","realDonaldTrump",28133,FALSE,FALSE,NA,NA
"26",".@60Minutes did a phony story about child separation when they know we had the exact same policy as the Obama Admin… https://t.co/7I3I4zpJvC",FALSE,102528,NA,2018-11-26 01:59:13,TRUE,NA,"1066873981293260801",NA,"<a href=""http://twitter.com/download/iphone"" rel=""nofollow"">Twitter for iPhone</a>","realDonaldTrump",29683,FALSE,FALSE,NA,NA
"27","Clinton Foundation donations drop 42% - which shows that they illegally played the power game. They monetized their… https://t.co/ezPedNXAiV",FALSE,120151,NA,2018-11-25 20:39:26,TRUE,NA,"1066793504804913152",NA,"<a href=""http://twitter.com/download/iphone"" rel=""nofollow"">Twitter for iPhone</a>","realDonaldTrump",36524,FALSE,FALSE,NA,NA
"28","Europe has to pay their fair share for Military Protection. The European Union, for many years, has taken advantage… https://t.co/BCzK1aitdo",FALSE,87141,NA,2018-11-25 20:27:34,TRUE,NA,"1066790517944606721",NA,"<a href=""http://twitter.com/download/iphone"" rel=""nofollow"">Twitter for iPhone</a>","realDonaldTrump",21461,FALSE,FALSE,NA,NA
"29","General Anthony Tata: “President Trump is a man of his word &amp; he said he was going to be tough on the Border, and h… https://t.co/dEg3NQZM8j",FALSE,83616,NA,2018-11-25 20:20:36,TRUE,NA,"1066788767133040640",NA,"<a href=""http://twitter.com/download/iphone"" rel=""nofollow"">Twitter for iPhone</a>","realDonaldTrump",21363,FALSE,FALSE,NA,NA
"30","Mississippi, Vote for @cindyhydesmith on Tuesday. Respected by all. We need her in Washington!. Thanks!",FALSE,57007,NA,2018-11-25 20:13:00,FALSE,NA,"1066786854643662848",NA,"<a href=""http://twitter.com/download/iphone"" rel=""nofollow"">Twitter for iPhone</a>","realDonaldTrump",14816,FALSE,FALSE,NA,NA
"31","So great that oil prices are falling (thank you President T). Add that, which is like a big Tax Cut, to our other g… https://t.co/uPIYY5MiqB",FALSE,110609,NA,2018-11-25 13:46:54,TRUE,NA,"1066689688600281088",NA,"<a href=""http://twitter.com/download/iphone"" rel=""nofollow"">Twitter for iPhone</a>","realDonaldTrump",23204,FALSE,FALSE,NA,NA
"32","Would be very SMART if Mexico would stop the Caravans long before they get to our Southern Border, or if originatin… https://t.co/bAZjE2kSDE",FALSE,127716,NA,2018-11-25 13:28:30,TRUE,NA,"1066685057648214018",NA,"<a href=""http://twitter.com/download/iphone"" rel=""nofollow"">Twitter for iPhone</a>","realDonaldTrump",30784,FALSE,FALSE,NA,NA
"33","The large and violent French protests don’t take into account how badly the United States has been treated on Trade… https://t.co/PTKYb1tZDX",FALSE,75624,NA,2018-11-25 13:16:56,TRUE,NA,"1066682146683846657",NA,"<a href=""http://twitter.com/download/iphone"" rel=""nofollow"">Twitter for iPhone</a>","realDonaldTrump",17879,FALSE,FALSE,NA,NA
"34","I will be in Gulfport and Tupelo, Mississippi, on Monday night doing two Rallies for Senator Hyde-Smith, who has a… https://t.co/DD7Am2nSiZ",FALSE,75241,NA,2018-11-25 12:30:51,TRUE,NA,"1066670550708301824",NA,"<a href=""http://twitter.com/download/iphone"" rel=""nofollow"">Twitter for iPhone</a>","realDonaldTrump",18805,FALSE,FALSE,NA,NA
"35","Victor Davis Hanson was a very good and interesting guest of Mark Levin on @FoxNews. He wrote a highly touted book… https://t.co/dWs5lHPuNl",FALSE,60245,NA,2018-11-25 12:12:34,TRUE,NA,"1066665948193669120",NA,"<a href=""http://twitter.com/download/iphone"" rel=""nofollow"">Twitter for iPhone</a>","realDonaldTrump",14413,FALSE,FALSE,NA,NA
"36","....All will stay in Mexico. If for any reason it becomes necessary, we will CLOSE our Southern Border. There is no… https://t.co/1SscdAbmV9",FALSE,144603,NA,2018-11-24 23:56:27,TRUE,NA,"1066480700046655488",NA,"<a href=""http://twitter.com/download/iphone"" rel=""nofollow"">Twitter for iPhone</a>","realDonaldTrump",34444,FALSE,FALSE,NA,NA
"37","Migrants at the Southern Border will not be allowed into the United States until their claims are individually appr… https://t.co/1rhhYBhKvM",FALSE,165491,NA,2018-11-24 23:49:25,TRUE,NA,"1066478927143677952",NA,"<a href=""http://twitter.com/download/iphone"" rel=""nofollow"">Twitter for iPhone</a>","realDonaldTrump",38153,FALSE,FALSE,NA,NA
"38","I am extremely happy and proud of the job being done by @USTreasury Secretary @StevenMnuchin1. The FAKE NEWS likes… https://t.co/4TGOCHo1Qh",FALSE,90258,NA,2018-11-23 23:48:19,TRUE,NA,"1066116263649382400",NA,"<a href=""http://twitter.com/download/iphone"" rel=""nofollow"">Twitter for iPhone</a>","realDonaldTrump",20344,FALSE,FALSE,NA,NA
"39","Really good Criminal Justice Reform has a true shot at major bipartisan support. @senatemajldr Mitch McConnell and… https://t.co/dH4xiXzvaO",FALSE,74014,NA,2018-11-23 17:14:19,TRUE,NA,"1066017112425185280",NA,"<a href=""http://twitter.com/download/iphone"" rel=""nofollow"">Twitter for iPhone</a>","realDonaldTrump",17307,FALSE,FALSE,NA,NA
"40","Republicans and Democrats MUST come together, finally, with a major Border Security package, which will include fun… https://t.co/z2sbDnYhJ5",FALSE,162607,NA,2018-11-23 12:41:50,TRUE,NA,"1065948536498544640",NA,"<a href=""http://twitter.com/download/iphone"" rel=""nofollow"">Twitter for iPhone</a>","realDonaldTrump",38009,FALSE,FALSE,NA,NA
"41","Our highly trained security professionals are not allowed to do their job on the Border because of the Judicial Act… https://t.co/ro2GDIdi99",FALSE,116570,NA,2018-11-22 23:07:44,TRUE,NA,"1065743662464802817",NA,"<a href=""http://twitter.com/download/iphone"" rel=""nofollow"">Twitter for iPhone</a>","realDonaldTrump",28162,FALSE,FALSE,NA,NA
"42","This is the coldest weather in the history of the Thanksgiving Day Parade in NYC, and one of the coldest Thanksgivings on record!",FALSE,90627,NA,2018-11-22 21:26:12,FALSE,NA,"1065718109624066049",NA,"<a href=""http://twitter.com/download/iphone"" rel=""nofollow"">Twitter for iPhone</a>","realDonaldTrump",15940,FALSE,FALSE,NA,NA
"43","https://t.co/y4chCfEDke",FALSE,85088,NA,2018-11-22 15:12:12,FALSE,NA,"1065623990746710022",NA,"<a href=""http://twitter.com/download/iphone"" rel=""nofollow"">Twitter for iPhone</a>","realDonaldTrump",22221,FALSE,FALSE,NA,NA
"44","Will be speaking with our great military in different parts of the world, through teleconference, at 9:00 A.M. East… https://t.co/SaA6wsJqsN",FALSE,84283,NA,2018-11-22 13:42:29,TRUE,NA,"1065601413189984256",NA,"<a href=""http://twitter.com/download/iphone"" rel=""nofollow"">Twitter for iPhone</a>","realDonaldTrump",16787,FALSE,FALSE,NA,NA
"45","....and Safety at the Border, or anywhere else. They know nothing about it and are making our Country unsafe. Our g… https://t.co/LJNXwcDdkj",FALSE,97120,NA,2018-11-22 12:30:27,TRUE,NA,"1065583286188158976",NA,"<a href=""http://twitter.com/download/iphone"" rel=""nofollow"">Twitter for iPhone</a>","realDonaldTrump",23540,FALSE,FALSE,NA,NA
"46","Justice Roberts can say what he wants, but the 9th Circuit is a complete &amp; total disaster. It is out of control, ha… https://t.co/pdeDV726jf",FALSE,106443,NA,2018-11-22 12:21:51,TRUE,NA,"1065581119242940416",NA,"<a href=""http://twitter.com/download/iphone"" rel=""nofollow"">Twitter for iPhone</a>","realDonaldTrump",27092,FALSE,FALSE,NA,NA
"47","HAPPY THANKSGIVING TO ALL!",FALSE,202358,NA,2018-11-22 12:01:51,FALSE,NA,"1065576088779272192",NA,"<a href=""http://twitter.com/download/iphone"" rel=""nofollow"">Twitter for iPhone</a>","realDonaldTrump",34091,FALSE,FALSE,NA,NA
"48","“It’s a mean &amp; nasty world out there, the Middle East in particular. This is a long and historic commitment, &amp; one… https://t.co/peZsXtB57e",FALSE,57288,NA,2018-11-22 11:58:24,TRUE,NA,"1065575219576926208",NA,"<a href=""http://twitter.com/download/iphone"" rel=""nofollow"">Twitter for iPhone</a>","realDonaldTrump",12868,FALSE,FALSE,NA,NA
"49","You just can’t win with the Fake News Media. A big story today is that because I have pushed so hard and gotten Gas… https://t.co/YG5IvhTSSJ",FALSE,169540,NA,2018-11-22 00:36:06,TRUE,NA,"1065403512559992832",NA,"<a href=""http://twitter.com/download/iphone"" rel=""nofollow"">Twitter for iPhone</a>","realDonaldTrump",38761,FALSE,FALSE,NA,NA
"50","Brutal and Extended Cold Blast could shatter ALL RECORDS - Whatever happened to Global Warming?",FALSE,113888,NA,2018-11-22 00:23:09,FALSE,NA,"1065400254151954432",NA,"<a href=""http://twitter.com/download/iphone"" rel=""nofollow"">Twitter for iPhone</a>","realDonaldTrump",28533,FALSE,FALSE,NA,NA
"51","“79% of these decisions have been overturned in the 9th Circuit.” @FoxNews  A terrible, costly and dangerous disgra… https://t.co/0fvZgB3qwG",FALSE,77319,NA,2018-11-21 22:17:33,TRUE,NA,"1065368645021388800",NA,"<a href=""http://twitter.com/download/iphone"" rel=""nofollow"">Twitter for iPhone</a>","realDonaldTrump",20611,FALSE,FALSE,NA,NA
"52","There are a lot of CRIMINALS in the Caravan. We will stop them. Catch and Detain! Judicial Activism, by people who… https://t.co/BwGiNXe6R0",FALSE,100377,NA,2018-11-21 21:42:30,TRUE,NA,"1065359825654169600",NA,"<a href=""http://twitter.com/download/iphone"" rel=""nofollow"">Twitter for iPhone</a>","realDonaldTrump",25174,FALSE,FALSE,NA,NA
"53","“Thank you to President Trump on the Border. No American President has ever done this before.” Hector Garza, National Border Patrol Council",FALSE,78649,NA,2018-11-21 21:31:24,FALSE,NA,"1065357030985252865",NA,"<a href=""http://twitter.com/download/iphone"" rel=""nofollow"">Twitter for iPhone</a>","realDonaldTrump",18351,FALSE,FALSE,NA,NA
"54",".....are so many opposing view (on Border and Safety) cases filed there, and why are a vast number of those cases o… https://t.co/JlyYHGX2SR",FALSE,89023,NA,2018-11-21 21:09:20,TRUE,NA,"1065351478347530241",NA,"<a href=""http://twitter.com/download/iphone"" rel=""nofollow"">Twitter for iPhone</a>","realDonaldTrump",22469,FALSE,FALSE,NA,NA
"55","Sorry Chief Justice John Roberts, but you do indeed have “Obama judges,” and they have a much different point of vi… https://t.co/gIByfadPmu",FALSE,88640,NA,2018-11-21 20:51:11,TRUE,NA,"1065346909362143232",NA,"<a href=""http://twitter.com/download/iphone"" rel=""nofollow"">Twitter for iPhone</a>","realDonaldTrump",24029,FALSE,FALSE,NA,NA
"56","Great new book out, “Mad Politics: Keeping Your Sanity in a World Gone Crazy” by @RealDrGina Loudon. Go out and get… https://t.co/yWaBUwHob1",FALSE,55024,NA,2018-11-21 15:13:33,TRUE,NA,"1065261943202738178",NA,"<a href=""http://twitter.com/download/iphone"" rel=""nofollow"">Twitter for iPhone</a>","realDonaldTrump",12785,FALSE,FALSE,NA,NA
"57","“‘Trump Imitation Syndrome’ is afflicting the president’s liberal enemies” 

Thank you @MGoodwin_NYPost! https://t.co/KpmsrKCaBZ",FALSE,42120,NA,2018-11-21 14:16:26,FALSE,NA,"1065247567443869696",NA,"<a href=""http://twitter.com/download/iphone"" rel=""nofollow"">Twitter for iPhone</a>","realDonaldTrump",11312,FALSE,FALSE,NA,NA
"58","MAKE AMERICA GREAT AGAIN!",FALSE,195173,NA,2018-11-21 12:50:29,FALSE,NA,"1065225940836458496",NA,"<a href=""http://twitter.com/download/iphone"" rel=""nofollow"">Twitter for iPhone</a>","realDonaldTrump",42838,FALSE,FALSE,NA,NA
"59","Oil prices getting lower. Great! Like a big Tax Cut for America and the World. Enjoy! $54, was just $82. Thank you… https://t.co/gbyx8NXe1f",FALSE,115797,NA,2018-11-21 12:49:51,TRUE,NA,"1065225779825598465",NA,"<a href=""http://twitter.com/download/iphone"" rel=""nofollow"">Twitter for iPhone</a>","realDonaldTrump",30590,FALSE,FALSE,NA,NA
"60","AMERICA FIRST!",FALSE,183738,NA,2018-11-21 04:40:03,FALSE,NA,"1065102519188275201",NA,"<a href=""http://twitter.com/download/iphone"" rel=""nofollow"">Twitter for iPhone</a>","realDonaldTrump",43188,FALSE,FALSE,NA,NA
"61","So-called comedian Michelle Wolf bombed so badly last year at the White House Correspondents’ Dinner that this year… https://t.co/L5Vy354N6K",FALSE,123513,NA,2018-11-21 03:43:41,TRUE,NA,"1065088330969305089",NA,"<a href=""http://twitter.com/download/iphone"" rel=""nofollow"">Twitter for iPhone</a>","realDonaldTrump",22533,FALSE,FALSE,NA,NA
"62","I hope the discovery and eventual recovery of the Argentine submarine San Juan brings needed closure to the wonderf… https://t.co/JK9pu1hoHv",FALSE,91107,NA,2018-11-20 04:19:18,TRUE,NA,"1064734907941994497",NA,"<a href=""http://twitter.com/download/iphone"" rel=""nofollow"">Twitter for iPhone</a>","realDonaldTrump",18351,FALSE,FALSE,NA,NA
"63","The Fake News is showing old footage of people climbing over our Ocean Area Fence. This is what it really looks lik… https://t.co/oH4qCb1x4P",FALSE,174506,NA,2018-11-19 19:10:09,TRUE,NA,"1064596708875747328",NA,"<a href=""http://twitter.com/download/iphone"" rel=""nofollow"">Twitter for iPhone</a>","realDonaldTrump",51884,FALSE,FALSE,NA,NA
"64","....We no longer pay Pakistan the $Billions because they would take our money and do nothing for us, Bin Laden bein… https://t.co/ePHdS3WmzG",FALSE,173868,NA,2018-11-19 15:41:19,TRUE,NA,"1064544156960387072",NA,"<a href=""http://twitter.com/download/iphone"" rel=""nofollow"">Twitter for iPhone</a>","realDonaldTrump",42642,FALSE,FALSE,NA,NA
"65","Of course we should have captured Osama Bin Laden long before we did. I pointed him out in my book just BEFORE the… https://t.co/xbUMNwWgHj",FALSE,148902,NA,2018-11-19 15:26:39,TRUE,NA,"1064540462848098304",NA,"<a href=""http://twitter.com/download/iphone"" rel=""nofollow"">Twitter for iPhone</a>","realDonaldTrump",38149,FALSE,FALSE,NA,NA
"66",".@cindyhydesmith loves Mississippi and our Great U.S.A. https://t.co/hQPC4CrhDi",FALSE,42408,NA,2018-11-19 14:30:37,FALSE,NA,"1064526362994778113",NA,"<a href=""http://twitter.com/download/iphone"" rel=""nofollow"">Twitter for iPhone</a>","realDonaldTrump",10155,FALSE,FALSE,NA,NA
"67","From day one Rick Scott never wavered. He was a great Governor and will be even a greater Senator in representing t… https://t.co/RMgWOQR2uN",FALSE,85322,NA,2018-11-18 19:59:41,TRUE,NA,"1064246787161145346",NA,"<a href=""http://twitter.com/download/iphone"" rel=""nofollow"">Twitter for iPhone</a>","realDonaldTrump",18285,FALSE,FALSE,NA,NA
"68","Catch and Release is an obsolete term. It is now Catch and Detain. Illegal Immigrants trying to come into the U.S.A… https://t.co/aJOnUS1dVO",FALSE,150068,NA,2018-11-18 19:55:24,TRUE,NA,"1064245710747590657",NA,"<a href=""http://twitter.com/download/iphone"" rel=""nofollow"">Twitter for iPhone</a>","realDonaldTrump",38962,FALSE,FALSE,NA,NA
"69","The Mayor of Tijuana, Mexico, just stated that “the City is ill-prepared to handle this many migrants, the backlog… https://t.co/3pknZ3OT9V",FALSE,113633,NA,2018-11-18 18:42:59,TRUE,NA,"1064227483187318784",NA,"<a href=""http://twitter.com/download/iphone"" rel=""nofollow"">Twitter for iPhone</a>","realDonaldTrump",31971,FALSE,FALSE,NA,NA
"70","So funny to see little Adam Schitt (D-CA) talking about the fact that Acting Attorney General Matt Whitaker was not… https://t.co/iUe5HWLVES",FALSE,133676,NA,2018-11-18 18:01:09,TRUE,NA,"1064216956679716864",NA,"<a href=""http://twitter.com/download/iphone"" rel=""nofollow"">Twitter for iPhone</a>","realDonaldTrump",36987,FALSE,FALSE,NA,NA
"71","I will be interviewed by Chris Wallace on @FoxNews at 2:00 P.M. and 7:00 P.M. Enjoy!",FALSE,58172,NA,2018-11-18 17:30:30,FALSE,NA,"1064209246114459648",NA,"<a href=""http://twitter.com/download/iphone"" rel=""nofollow"">Twitter for iPhone</a>","realDonaldTrump",9664,FALSE,FALSE,NA,NA
"72","Incredible to be with our GREAT HEROES today in California. We will always be with you! https://t.co/B1MCTF83Zf",FALSE,105720,NA,2018-11-18 02:48:00,FALSE,NA,"1063987157650485249",NA,"<a href=""http://twitter.com/download/iphone"" rel=""nofollow"">Twitter for iPhone</a>","realDonaldTrump",22974,FALSE,FALSE,NA,NA
"73","Heading to California with @GOPLeader Kevin McCarthy, @RepLaMalfa, and @KenCalvert. Look forward to being with our… https://t.co/ywkoCW7dbE",FALSE,59076,NA,2018-11-17 16:47:07,TRUE,NA,"1063835936604090368",NA,"<a href=""http://twitter.com/download/iphone"" rel=""nofollow"">Twitter for iPhone</a>","realDonaldTrump",11109,FALSE,FALSE,NA,NA
"74","....I can’t imagine any President having a better or closer relationship with their Vice President then the two of… https://t.co/R3ymvcwGYr",FALSE,84764,"realDonaldTrump",2018-11-17 16:42:20,TRUE,"1063834729584054272","1063834733430206465","25073877","<a href=""http://twitter.com/download/iphone"" rel=""nofollow"">Twitter for iPhone</a>","realDonaldTrump",19968,FALSE,FALSE,NA,NA
"75","The New York Times did a phony story, as usual, about my relationship with @VP Mike Pence. They made up sources and… https://t.co/w1aUmqrTYx",FALSE,78456,NA,2018-11-17 16:42:19,TRUE,NA,"1063834729584054272",NA,"<a href=""http://twitter.com/download/iphone"" rel=""nofollow"">Twitter for iPhone</a>","realDonaldTrump",18394,FALSE,FALSE,NA,NA
"76","Congratulations to Andrew Gillum on having run a really tough and competitive race for Governor of the Great State… https://t.co/zFzIG6FQmZ",FALSE,68827,NA,2018-11-17 16:39:20,TRUE,NA,"1063833980720504832",NA,"<a href=""http://twitter.com/download/iphone"" rel=""nofollow"">Twitter for iPhone</a>","realDonaldTrump",10939,FALSE,FALSE,NA,NA
"77","I can get Nancy Pelosi as many votes as she wants in order for her to be Speaker of the House. She deserves this vi… https://t.co/KiXwdFt4XQ",FALSE,66492,NA,2018-11-17 11:37:51,TRUE,NA,"1063758107229257728",NA,"<a href=""http://twitter.com/download/iphone"" rel=""nofollow"">Twitter for iPhone</a>","realDonaldTrump",14036,FALSE,FALSE,NA,NA
"78","Thank you @JerryBrownGov. Look forward to joining you and @GavinNewsom tomorrow in California. We are with you! https://t.co/UuXWAadmov",FALSE,49474,NA,2018-11-17 03:14:02,FALSE,NA,"1063631319739953152",NA,"<a href=""http://twitter.com/download/iphone"" rel=""nofollow"">Twitter for iPhone</a>","realDonaldTrump",10716,FALSE,FALSE,NA,NA
"79","....their country’s flag. Can this be possible? Yes, because it is all a BIG CON, and the American taxpayer is paying for it!",FALSE,111603,"realDonaldTrump",2018-11-17 00:43:36,FALSE,"1063593456579354624","1063593459695669254","25073877","<a href=""http://twitter.com/download/iphone"" rel=""nofollow"">Twitter for iPhone</a>","realDonaldTrump",26348,FALSE,FALSE,NA,NA
"80","It was my great honor to host a celebration of Diwali, the Hindu Festival of Lights, in the Roosevelt Room at the… https://t.co/RP1O31416e",FALSE,77442,NA,2018-11-13 21:20:48,TRUE,NA,"1062455263247155200",NA,"<a href=""http://twitter.com/download/iphone"" rel=""nofollow"">Twitter for iPhone</a>","realDonaldTrump",17960,FALSE,FALSE,NA,NA
"81","Today, we gathered for Diwali, a holiday observed by Buddhists, Sikhs, and Jains throughout the United States &amp; aro… https://t.co/wiSpXHWqRb",FALSE,50663,NA,2018-11-13 21:03:38,TRUE,NA,"1062450942707228672",NA,"<a href=""http://twitter.com/download/iphone"" rel=""nofollow"">Twitter for iPhone</a>","realDonaldTrump",11362,FALSE,FALSE,NA,NA
"82","We mourn for the lives lost and we pray for the victims of the California Wildfires. I want to thank the Firefighte… https://t.co/wryK9lH4h2",FALSE,68975,NA,2018-11-13 19:38:45,TRUE,NA,"1062429580521168896",NA,"<a href=""https://studio.twitter.com"" rel=""nofollow"">Twitter Media Studio</a>","realDonaldTrump",15683,FALSE,FALSE,NA,NA
"83","The story in the New York Times concerning North Korea developing missile bases is inaccurate. We fully know about… https://t.co/DleVG3zI5H",FALSE,125297,NA,2018-11-13 17:07:45,TRUE,NA,"1062391577807601664",NA,"<a href=""http://twitter.com/download/iphone"" rel=""nofollow"">Twitter for iPhone</a>","realDonaldTrump",33934,FALSE,FALSE,NA,NA
"84","When will Bill Nelson concede in Florida? The characters running Broward and Palm Beach voting will not be able to… https://t.co/S98irOmlzj",FALSE,102117,NA,2018-11-13 16:32:09,TRUE,NA,"1062382618870726656",NA,"<a href=""http://twitter.com/download/iphone"" rel=""nofollow"">Twitter for iPhone</a>","realDonaldTrump",26146,FALSE,FALSE,NA,NA
"85","By the way, when the helicopter couldn’t fly to the first cemetery in France because of almost zero visibility, I s… https://t.co/Ir7a23m9fL",FALSE,121531,NA,2018-11-13 15:49:20,TRUE,NA,"1062371844836261891",NA,"<a href=""http://twitter.com/download/iphone"" rel=""nofollow"">Twitter for iPhone</a>","realDonaldTrump",30793,FALSE,FALSE,NA,NA
"86","......MAKE FRANCE GREAT AGAIN!",FALSE,156315,NA,2018-11-13 13:18:29,FALSE,NA,"1062333882610171907",NA,"<a href=""http://twitter.com/download/iphone"" rel=""nofollow"">Twitter for iPhone</a>","realDonaldTrump",41828,FALSE,FALSE,NA,NA
"87","The problem is that Emmanuel suffers from a very low Approval Rating in France, 26%, and an unemployment rate of al… https://t.co/QlstDTD1Dv",FALSE,109459,NA,2018-11-13 13:17:06,TRUE,NA,"1062333534214520832",NA,"<a href=""http://twitter.com/download/iphone"" rel=""nofollow"">Twitter for iPhone</a>","realDonaldTrump",28870,FALSE,FALSE,NA,NA
"88","On Trade, France makes excellent wine, but so does the U.S. The problem is that France makes it very hard for the U… https://t.co/rzfwotgxI6",FALSE,120481,NA,2018-11-13 13:07:08,TRUE,NA,"1062331024426913792",NA,"<a href=""http://twitter.com/download/iphone"" rel=""nofollow"">Twitter for iPhone</a>","realDonaldTrump",28903,FALSE,FALSE,NA,NA
"89","Emmanuel Macron suggests building its own army to protect Europe against the U.S., China and Russia. But it was Ger… https://t.co/2QhmeaaxPk",FALSE,125190,NA,2018-11-13 11:50:41,TRUE,NA,"1062311785787744256",NA,"<a href=""http://twitter.com/download/iphone"" rel=""nofollow"">Twitter for iPhone</a>","realDonaldTrump",36692,FALSE,FALSE,NA,NA
"90","I just approved an expedited request for a Major Disaster Declaration for the State of California. Wanted to respon… https://t.co/Mlsbzln0V2",FALSE,137377,NA,2018-11-13 01:19:55,TRUE,NA,"1062153051459469312",NA,"<a href=""http://twitter.com/download/iphone"" rel=""nofollow"">Twitter for iPhone</a>","realDonaldTrump",27963,FALSE,FALSE,NA,NA
"91","Hopefully, Saudi Arabia and OPEC will not be cutting oil production. Oil prices should be much lower based on supply!",FALSE,75939,NA,2018-11-12 18:21:04,FALSE,NA,"1062047641889095684",NA,"<a href=""http://twitter.com/download/iphone"" rel=""nofollow"">Twitter for iPhone</a>","realDonaldTrump",17974,FALSE,FALSE,NA,NA
"92","American Cable Association has big problems with Comcast. They say that Comcast routinely violates Antitrust Laws.… https://t.co/3FXXwOR1wg",FALSE,68508,NA,2018-11-12 18:13:10,TRUE,NA,"1062045654711713792",NA,"<a href=""http://twitter.com/download/iphone"" rel=""nofollow"">Twitter for iPhone</a>","realDonaldTrump",17864,FALSE,FALSE,NA,NA
"93","The California Fire Fighters, FEMA and  First Responders are amazing and very brave. Thank you and God Bless you all!",FALSE,124234,NA,2018-11-12 16:31:27,FALSE,NA,"1062020057616793600",NA,"<a href=""http://twitter.com/download/iphone"" rel=""nofollow"">Twitter for iPhone</a>","realDonaldTrump",22407,FALSE,FALSE,NA,NA
"94","The prospect of Presidential Harassment by the Dems is causing the Stock Market big headaches!",FALSE,83253,NA,2018-11-12 15:34:09,FALSE,NA,"1062005636488142848",NA,"<a href=""http://twitter.com/download/iphone"" rel=""nofollow"">Twitter for iPhone</a>","realDonaldTrump",20417,FALSE,FALSE,NA,NA
"95","The Florida Election should be called in favor of Rick Scott and Ron DeSantis in that large numbers of new ballots… https://t.co/9e9Qqkn9pq",FALSE,120820,NA,2018-11-12 12:44:13,TRUE,NA,"1061962869376540672",NA,"<a href=""http://twitter.com/download/iphone"" rel=""nofollow"">Twitter for iPhone</a>","realDonaldTrump",34354,FALSE,FALSE,NA,NA
"96",".....of money spent on protecting other countries, and we get nothing but Trade Deficits and Losses. It is time tha… https://t.co/g5CpXgXYSn",FALSE,94507,NA,2018-11-12 12:21:11,TRUE,NA,"1061957074253418496",NA,"<a href=""http://twitter.com/download/iphone"" rel=""nofollow"">Twitter for iPhone</a>","realDonaldTrump",22119,FALSE,FALSE,NA,NA
"97",".....hundreds of billions of dollars, for the great privilege of losing hundreds of billions of dollars with these… https://t.co/XQWv7ciUgm",FALSE,80084,NA,2018-11-12 12:10:16,TRUE,NA,"1061954325843468288",NA,"<a href=""http://twitter.com/download/iphone"" rel=""nofollow"">Twitter for iPhone</a>","realDonaldTrump",18331,FALSE,FALSE,NA,NA
"98","Just returned from France where much was accomplished in my meetings with World Leaders. Never easy bringing up the… https://t.co/6SMjfOoVfw",FALSE,107775,NA,2018-11-12 12:03:25,TRUE,NA,"1061952604807274498",NA,"<a href=""http://twitter.com/download/iphone"" rel=""nofollow"">Twitter for iPhone</a>","realDonaldTrump",24497,FALSE,FALSE,NA,NA
"99","Exactly 100 years ago today, on November 11th, 1918, World War I came to an end. We are gathered together, at this… https://t.co/FUKpp7JMtX",FALSE,93417,NA,2018-11-12 04:38:00,TRUE,NA,"1061840511026298880",NA,"<a href=""http://twitter.com/download/iphone"" rel=""nofollow"">Twitter for iPhone</a>","realDonaldTrump",21043,FALSE,FALSE,NA,NA
"100","Poland, a great country - Congratulations on the 100th Anniversary of your Independence. I will never forget my tim… https://t.co/8yuSBJvNoB",FALSE,109428,NA,2018-11-11 16:03:35,TRUE,NA,"1061650654194745344",NA,"<a href=""http://twitter.com/download/iphone"" rel=""nofollow"">Twitter for iPhone</a>","realDonaldTrump",24228,FALSE,FALSE,NA,NA
"101","Beautiful ceremony today in Paris commemorating the end of World War One. Many World leaders in attendance. Thank y… https://t.co/yvnYpNt0Qx",FALSE,95690,NA,2018-11-11 14:52:56,TRUE,NA,"1061632874808520709",NA,"<a href=""http://twitter.com/download/iphone"" rel=""nofollow"">Twitter for iPhone</a>","realDonaldTrump",18825,FALSE,FALSE,NA,NA
"102","On this Veterans Day — the 100th Anniversary of the end of WWI, we honor the brave HEROES who fought for America in… https://t.co/4N8hF7kXLk",FALSE,77753,NA,2018-11-11 14:16:42,TRUE,NA,"1061623758161625089",NA,"<a href=""http://twitter.com/download/iphone"" rel=""nofollow"">Twitter for iPhone</a>","realDonaldTrump",20408,FALSE,FALSE,NA,NA
"103","With proper Forest Management, we can stop the devastation constantly going on in California. Get Smart!",FALSE,108587,NA,2018-11-11 09:40:50,FALSE,NA,"1061554334276747264",NA,"<a href=""http://twitter.com/download/iphone"" rel=""nofollow"">Twitter for iPhone</a>","realDonaldTrump",22480,FALSE,FALSE,NA,NA
"104","These California fires are expanding very, very quickly (in some cases 80-100 acres a minute). If people don’t evac… https://t.co/5WUnd01wou",FALSE,88268,NA,2018-11-10 22:20:40,TRUE,NA,"1061383163811893248",NA,"<a href=""http://twitter.com/download/iphone"" rel=""nofollow"">Twitter for iPhone</a>","realDonaldTrump",20826,FALSE,FALSE,NA,NA
"105","More than 4,000 are fighting the Camp and Woolsey Fires in California that have burned over 170,000 acres. Our hear… https://t.co/bHG71OSXsq",FALSE,119708,NA,2018-11-10 22:19:35,TRUE,NA,"1061382890100002817",NA,"<a href=""http://twitter.com/download/iphone"" rel=""nofollow"">Twitter for iPhone</a>","realDonaldTrump",24762,FALSE,FALSE,NA,NA
"106","Trying to STEAL two big elections in Florida! We are watching closely!",FALSE,120592,NA,2018-11-10 19:09:29,FALSE,NA,"1061335051294728194",NA,"<a href=""http://twitter.com/download/iphone"" rel=""nofollow"">Twitter for iPhone</a>","realDonaldTrump",31405,FALSE,FALSE,NA,NA
"107","Had very productive meetings and calls for our Country today. Meeting tonight with World Leaders!",FALSE,88151,NA,2018-11-10 19:06:50,FALSE,NA,"1061334384337399808",NA,"<a href=""http://twitter.com/download/iphone"" rel=""nofollow"">Twitter for iPhone</a>","realDonaldTrump",16161,FALSE,FALSE,NA,NA
"108","Happy 243rd Birthday to our GREAT U.S. Marine Corps<f0><U+009F><U+0087><U+00BA><f0><U+009F><U+0087><U+00B8> https://t.co/1cPtoMfmxP",FALSE,102925,NA,2018-11-10 14:09:42,FALSE,NA,"1061259607086112769",NA,"<a href=""http://twitter.com/download/iphone"" rel=""nofollow"">Twitter for iPhone</a>","realDonaldTrump",23669,FALSE,FALSE,NA,NA
"109","I am in Paris getting ready to celebrate the end of World War One. Is there anything better to celebrate than the e… https://t.co/t8uU75sD9I",FALSE,141067,NA,2018-11-10 08:17:44,TRUE,NA,"1061171030801158146",NA,"<a href=""http://twitter.com/download/iphone"" rel=""nofollow"">Twitter for iPhone</a>","realDonaldTrump",24869,FALSE,FALSE,NA,NA
"110","There is no reason for these massive, deadly and costly forest fires in California except that forest management is… https://t.co/k5gzPlaT4E",FALSE,126527,NA,2018-11-10 08:08:52,TRUE,NA,"1061168803218948096",NA,"<a href=""http://twitter.com/download/iphone"" rel=""nofollow"">Twitter for iPhone</a>","realDonaldTrump",28990,FALSE,FALSE,NA,NA
"111","....Mr. Whitaker is very highly thought of by @SenJoniErnst, Senator @ChuckGrassley, Ambassador @TerryBranstad, Leo… https://t.co/uplNQmsTxe",FALSE,60889,NA,2018-11-10 04:04:53,TRUE,NA,"1061107399426220037",NA,"<a href=""http://twitter.com/download/iphone"" rel=""nofollow"">Twitter for iPhone</a>","realDonaldTrump",14543,FALSE,FALSE,NA,NA
"112","Matthew G. Whitaker is a highly respected former U.S. Attorney from Iowa. He was chosen by Jeff Sessions to be his… https://t.co/M15MpWwa0R",FALSE,76445,NA,2018-11-10 03:52:16,TRUE,NA,"1061104224090628097",NA,"<a href=""http://twitter.com/download/iphone"" rel=""nofollow"">Twitter for iPhone</a>","realDonaldTrump",18337,FALSE,FALSE,NA,NA
"113","President Macron of France has just suggested that Europe build its own military in order to protect itself from th… https://t.co/ZlE52iViPz",FALSE,148949,NA,2018-11-09 21:10:46,TRUE,NA,"1061003186125856769",NA,"<a href=""http://twitter.com/download/iphone"" rel=""nofollow"">Twitter for iPhone</a>","realDonaldTrump",40159,FALSE,FALSE,NA,NA
"114","Just out — in Arizona, SIGNATURES DON’T MATCH. Electoral corruption - Call for a new Election? We must protect our Democracy!",FALSE,166386,NA,2018-11-09 20:33:37,FALSE,NA,"1060993836984324096",NA,"<a href=""http://twitter.com/download/iphone"" rel=""nofollow"">Twitter for iPhone</a>","realDonaldTrump",51634,FALSE,FALSE,NA,NA
"115","Thank you @marcorubio for helping to expose the potential corruption going on with respect to Election Theft in Bro… https://t.co/vrora0PL4x",FALSE,106759,NA,2018-11-09 18:39:00,TRUE,NA,"1060964991510110208",NA,"<a href=""http://twitter.com/download/iphone"" rel=""nofollow"">Twitter for iPhone</a>","realDonaldTrump",29867,FALSE,FALSE,NA,NA
"116","In the 2016 Election I was winning by so much in Florida that Broward County, which was very late with vote tabulat… https://t.co/EceYycXTDL",FALSE,86617,NA,2018-11-09 18:20:28,TRUE,NA,"1060960329876697088",NA,"<a href=""http://twitter.com/download/iphone"" rel=""nofollow"">Twitter for iPhone</a>","realDonaldTrump",23337,FALSE,FALSE,NA,NA
"117","Mayor Gillum conceded on Election Day and now Broward County has put him “back into play.” Bill Nelson conceded Ele… https://t.co/WImjFpLpph",FALSE,129035,NA,2018-11-09 18:14:03,TRUE,NA,"1060958713047961600",NA,"<a href=""http://twitter.com/download/iphone"" rel=""nofollow"">Twitter for iPhone</a>","realDonaldTrump",35973,FALSE,FALSE,NA,NA
"118","Rick Scott was up by 50,000+ votes on Election Day, now they “found” many votes and he is only up 15,000 votes. “Th… https://t.co/W9X2AC3anj",FALSE,113862,NA,2018-11-09 17:36:38,TRUE,NA,"1060949297900834816",NA,"<a href=""http://twitter.com/download/iphone"" rel=""nofollow"">Twitter for iPhone</a>","realDonaldTrump",33905,FALSE,FALSE,NA,NA
"119","Jeff Flake(y) doesn’t want to protect the Non-Senate confirmed Special Counsel, he wants to protect his future afte… https://t.co/BwxZf2gCDH",FALSE,84763,NA,2018-11-09 17:10:02,TRUE,NA,"1060942600994050048",NA,"<a href=""http://twitter.com/download/iphone"" rel=""nofollow"">Twitter for iPhone</a>","realDonaldTrump",20745,FALSE,FALSE,NA,NA
"120","As soon as Democrats sent their best Election stealing lawyer, Marc Elias, to Broward County they miraculously star… https://t.co/0pPBAq3duq",FALSE,135868,NA,2018-11-09 16:52:19,TRUE,NA,"1060938144336367616",NA,"<a href=""http://twitter.com/download/iphone"" rel=""nofollow"">Twitter for iPhone</a>","realDonaldTrump",43820,FALSE,FALSE,NA,NA
"121","You mean they are just now finding votes in Florida and Georgia – but the Election was on Tuesday? Let’s blame the… https://t.co/F9ky8vupIB",FALSE,151744,NA,2018-11-09 15:58:56,TRUE,NA,"1060924708101644288",NA,"<a href=""http://twitter.com/download/iphone"" rel=""nofollow"">Twitter for iPhone</a>","realDonaldTrump",42004,FALSE,FALSE,NA,NA
"122",".@BrianKempGA ran a great race in Georgia – he won. It is time to move on!",FALSE,85422,NA,2018-11-09 15:55:25,FALSE,NA,"1060923822851874816",NA,"<a href=""http://twitter.com/download/iphone"" rel=""nofollow"">Twitter for iPhone</a>","realDonaldTrump",20392,FALSE,FALSE,NA,NA
"123","“Presidential Proclamation Addressing Mass Migration Through the Southern Border of the United States” https://t.co/9blzn1XGyS",FALSE,56185,NA,2018-11-09 14:54:15,FALSE,NA,"1060908430062481408",NA,"<a href=""http://twitter.com/download/iphone"" rel=""nofollow"">Twitter for iPhone</a>","realDonaldTrump",17347,FALSE,FALSE,NA,NA
"124","Law Enforcement is looking into another big corruption scandal having to do with Election Fraud in #Broward and Pal… https://t.co/I402nKjfb1",FALSE,135280,NA,2018-11-09 02:38:22,TRUE,NA,"1060723241193484288",NA,"<a href=""http://twitter.com/download/iphone"" rel=""nofollow"">Twitter for iPhone</a>","realDonaldTrump",41410,FALSE,FALSE,NA,NA
"125","....Great bravery shown by police. California Highway Patrol was on scene within 3 minutes, with first officer to e… https://t.co/Lw53XcQFvb",FALSE,127446,NA,2018-11-08 12:51:21,TRUE,NA,"1060515116700045312",NA,"<a href=""http://twitter.com/download/iphone"" rel=""nofollow"">Twitter for iPhone</a>","realDonaldTrump",24736,FALSE,FALSE,NA,NA
"126","I have been fully briefed on the terrible shooting in California. Law Enforcement and First Responders, together wi… https://t.co/c2ncb4FcJQ",FALSE,94559,NA,2018-11-08 12:38:41,TRUE,NA,"1060511925883285504",NA,"<a href=""http://twitter.com/download/iphone"" rel=""nofollow"">Twitter for iPhone</a>","realDonaldTrump",20069,FALSE,FALSE,NA,NA
"127","....We thank Attorney General Jeff Sessions for his service, and wish him well! A permanent replacement will be nominated at a later date.",FALSE,89348,"realDonaldTrump",2018-11-07 19:44:12,FALSE,"1060256619383193601","1060256623439110146","25073877","<a href=""http://twitter.com/download/iphone"" rel=""nofollow"">Twitter for iPhone</a>","realDonaldTrump",19968,FALSE,FALSE,NA,NA
"128","We are pleased to announce that Matthew G. Whitaker, Chief of Staff to Attorney General Jeff Sessions at the Depart… https://t.co/MIRLOKJFwe",FALSE,121430,NA,2018-11-07 19:44:11,TRUE,NA,"1060256619383193601",NA,"<a href=""http://twitter.com/download/iphone"" rel=""nofollow"">Twitter for iPhone</a>","realDonaldTrump",29739,FALSE,FALSE,NA,NA
"129","According to NBC News, Voters Nationwide Disapprove of the so-called Mueller Investigation (46%) more than they App… https://t.co/MBZliXtBX7",FALSE,122705,NA,2018-11-07 15:39:11,TRUE,NA,"1060194964351660033",NA,"<a href=""http://twitter.com/download/iphone"" rel=""nofollow"">Twitter for iPhone</a>","realDonaldTrump",28320,FALSE,FALSE,NA,NA
"130","In all fairness, Nancy Pelosi deserves to be chosen Speaker of the House by the Democrats. If they give her a hard… https://t.co/X30cUhjRo7",FALSE,88985,NA,2018-11-07 13:31:24,TRUE,NA,"1060162807960870913",NA,"<a href=""http://twitter.com/download/iphone"" rel=""nofollow"">Twitter for iPhone</a>","realDonaldTrump",18254,FALSE,FALSE,NA,NA
"131","If the Democrats think they are going to waste Taxpayer Money investigating us at the House level, then we will lik… https://t.co/04c4QhEvbK",FALSE,178099,NA,2018-11-07 13:04:02,TRUE,NA,"1060155917059219461",NA,"<a href=""http://twitter.com/download/iphone"" rel=""nofollow"">Twitter for iPhone</a>","realDonaldTrump",45809,FALSE,FALSE,NA,NA
"132","To any of the pundits or talking heads that do not give us proper credit for this great Midterm Election, just reme… https://t.co/uwYmi2ULbt",FALSE,139032,NA,2018-11-07 12:52:39,TRUE,NA,"1060153052676702208",NA,"<a href=""http://twitter.com/download/iphone"" rel=""nofollow"">Twitter for iPhone</a>","realDonaldTrump",29176,FALSE,FALSE,NA,NA
"133","I will be doing a news conference at The White House - 11:30 A.M. Will be discussing our success in the Midterms!",FALSE,69169,NA,2018-11-07 12:36:28,FALSE,NA,"1060148982968733696",NA,"<a href=""http://twitter.com/download/iphone"" rel=""nofollow"">Twitter for iPhone</a>","realDonaldTrump",13521,FALSE,FALSE,NA,NA
"134","Those that worked with me in this incredible Midterm Election, embracing certain policies and principles, did very… https://t.co/OTUWeooDxp",FALSE,110133,NA,2018-11-07 12:07:51,TRUE,NA,"1060141780878979072",NA,"<a href=""http://twitter.com/download/iphone"" rel=""nofollow"">Twitter for iPhone</a>","realDonaldTrump",24266,FALSE,FALSE,NA,NA
"135","Ron DeSantis showed great courage in his hard fought campaign to become the Governor of Florida. Congratulations to Ron and family!",FALSE,87539,NA,2018-11-07 11:55:35,FALSE,NA,"1060138691778301953",NA,"<a href=""http://twitter.com/download/iphone"" rel=""nofollow"">Twitter for iPhone</a>","realDonaldTrump",16450,FALSE,FALSE,NA,NA
"136","Received so many Congratulations from so many on our Big Victory last night, including from foreign nations (friend… https://t.co/7lZw3mapFD",FALSE,110518,NA,2018-11-07 11:21:51,TRUE,NA,"1060130202418864129",NA,"<a href=""http://twitter.com/download/iphone"" rel=""nofollow"">Twitter for iPhone</a>","realDonaldTrump",22381,FALSE,FALSE,NA,NA
"137",".@DavidAsmanfox  “How do the Democrats respond to this? Think of how his position with Republicans improves-all the… https://t.co/KAdubmN8nV",FALSE,63041,NA,2018-11-07 06:49:40,TRUE,NA,"1060061704850206720",NA,"<a href=""http://twitter.com/download/iphone"" rel=""nofollow"">Twitter for iPhone</a>","realDonaldTrump",12676,FALSE,FALSE,NA,NA
"138","....unbelievably lucky to have him and I’m just awed at how well they’ve done. It’s all the Trump magic - Trump is… https://t.co/R5gpEXFBtj",FALSE,88698,NA,2018-11-07 06:37:48,TRUE,NA,"1060058718937800704",NA,"<a href=""http://twitter.com/download/iphone"" rel=""nofollow"">Twitter for iPhone</a>","realDonaldTrump",18983,FALSE,FALSE,NA,NA
"139","“There’s only been 5 times in the last 105 years that an incumbent President has won seats in the Senate in the off… https://t.co/OXQa0n6c2L",FALSE,100361,NA,2018-11-07 06:27:01,TRUE,NA,"1060056007316045825",NA,"<a href=""http://twitter.com/download/iphone"" rel=""nofollow"">Twitter for iPhone</a>","realDonaldTrump",23118,FALSE,FALSE,NA,NA
"140","Tremendous success tonight. Thank you to all!",FALSE,253171,NA,2018-11-07 04:14:39,FALSE,NA,"1060022696703070208",NA,"<a href=""http://twitter.com/download/iphone"" rel=""nofollow"">Twitter for iPhone</a>","realDonaldTrump",50177,FALSE,FALSE,NA,NA
"141","Congressman Randy Hultgren (R) of Illinois is doing a great job. Get out and Vote for Randy - Total Endorsement!",FALSE,65973,NA,2018-11-06 19:56:34,FALSE,NA,"1059897349005283334",NA,"<a href=""http://twitter.com/download/iphone"" rel=""nofollow"">Twitter for iPhone</a>","realDonaldTrump",13917,FALSE,FALSE,NA,NA
"142","Florida, very important - get out and vote for Florida Congressional Candidate Michael Waltz (R). He has my Strong Endorsement!",FALSE,75375,NA,2018-11-06 19:52:48,FALSE,NA,"1059896399595225089",NA,"<a href=""http://twitter.com/download/iphone"" rel=""nofollow"">Twitter for iPhone</a>","realDonaldTrump",16459,FALSE,FALSE,NA,NA
"143","Epstein all the way in Michigan House 11. She is a wonderful person and, at the same time, a real fighter. Has my Strong Endorsement!",FALSE,54468,NA,2018-11-06 18:48:55,FALSE,NA,"1059880322500833281",NA,"<a href=""http://twitter.com/download/iphone"" rel=""nofollow"">Twitter for iPhone</a>","realDonaldTrump",12158,FALSE,FALSE,NA,NA
"144","Bob Hugin, successful all of his life, would be a Great Senator from New Jersey. He has my complete and total Endor… https://t.co/RBrSwuNZsh",FALSE,64641,NA,2018-11-06 18:08:29,TRUE,NA,"1059870147845017601",NA,"<a href=""http://twitter.com/download/iphone"" rel=""nofollow"">Twitter for iPhone</a>","realDonaldTrump",15410,FALSE,FALSE,NA,NA
"145","POLLING LOCATIONS: https://t.co/0pWiwCHGbh",FALSE,37049,NA,2018-11-06 17:58:13,FALSE,NA,"1059867563746824192",NA,"<a href=""http://twitter.com/download/iphone"" rel=""nofollow"">Twitter for iPhone</a>","realDonaldTrump",9957,FALSE,FALSE,NA,NA
